Workbook

Sheet Executive Summary
B2: AgroVision Mobile App - Appium E2E Test Report
B3: Mobile Frontend E2E Automation Suite | Target: Mobile Web & Hybrid App | Framework: Appium 2.x & WebdriverIO
B5: TOTAL TEST CASES | D5: PASSED | F5: FAILED | H5: SKIPPED | J5: PASS RATE
B6: =COUNTA('Test Details'!A4:A318) | D6: =COUNTIF('Test Details'!J4:J318, "PASS") | F6: =COUNTIF('Test Details'!J4:J318, "FAIL") | H6: =COUNTIF('Test Details'!J4:J318, "SKIP") | J6: =D6/B6
B9: Appium Test Execution Breakdown by Feature Module
B10: Feature Module | C10: Total Cases | D10: Passed | E10: Failed | F10: Skipped | G10: Pass Rate (%)
B11: Authentication & Onboarding | C11: =COUNTIF('Test Details'!B4:B318, "Authentication & Onboarding") | D11: =COUNTIFS('Test Details'!B4:B318, "Authentication & Onboarding", 'Test Details'!J4:J318, "PASS") | E11: =COUNTIFS('Test Details'!B4:B318, "Authentication & Onboarding", 'Test Details'!J4:J318, "FAIL") | F11: =COUNTIFS('Test Details'!B4:B318, "Authentication & Onboarding", 'Test Details'!J4:J318, "SKIP") | G11: =D11/C11
B12: Dashboard & Navigation | C12: =COUNTIF('Test Details'!B4:B318, "Dashboard & Navigation") | D12: =COUNTIFS('Test Details'!B4:B318, "Dashboard & Navigation", 'Test Details'!J4:J318, "PASS") | E12: =COUNTIFS('Test Details'!B4:B318, "Dashboard & Navigation", 'Test Details'!J4:J318, "FAIL") | F12: =COUNTIFS('Test Details'!B4:B318, "Dashboard & Navigation", 'Test Details'!J4:J318, "SKIP") | G12: =D12/C12
B13: Disease Scan & AI Diagnostics | C13: =COUNTIF('Test Details'!B4:B318, "Disease Scan & AI Diagnostics") | D13: =COUNTIFS('Test Details'!B4:B318, "Disease Scan & AI Diagnostics", 'Test Details'!J4:J318, "PASS") | E13: =COUNTIFS('Test Details'!B4:B318, "Disease Scan & AI Diagnostics", 'Test Details'!J4:J318, "FAIL") | F13: =COUNTIFS('Test Details'!B4:B318, "Disease Scan & AI Diagnostics", 'Test Details'!J4:J318, "SKIP") | G13: =D13/C13
B14: Scan History & Offline Dexie DB | C14: =COUNTIF('Test Details'!B4:B318, "Scan History & Offline Dexie DB") | D14: =COUNTIFS('Test Details'!B4:B318, "Scan History & Offline Dexie DB", 'Test Details'!J4:J318, "PASS") | E14: =COUNTIFS('Test Details'!B4:B318, "Scan History & Offline Dexie DB", 'Test Details'!J4:J318, "FAIL") | F14: =COUNTIFS('Test Details'!B4:B318, "Scan History & Offline Dexie DB", 'Test Details'!J4:J318, "SKIP") | G14: =D14/C14
B15: Crop Knowledge Base & Library | C15: =COUNTIF('Test Details'!B4:B318, "Crop Knowledge Base & Library") | D15: =COUNTIFS('Test Details'!B4:B318, "Crop Knowledge Base & Library", 'Test Details'!J4:J318, "PASS") | E15: =COUNTIFS('Test Details'!B4:B318, "Crop Knowledge Base & Library", 'Test Details'!J4:J318, "FAIL") | F15: =COUNTIFS('Test Details'!B4:B318, "Crop Knowledge Base & Library", 'Test Details'!J4:J318, "SKIP") | G15: =D15/C15
B16: Analytics & Field Reports | C16: =COUNTIF('Test Details'!B4:B318, "Analytics & Field Reports") | D16: =COUNTIFS('Test Details'!B4:B318, "Analytics & Field Reports", 'Test Details'!J4:J318, "PASS") | E16: =COUNTIFS('Test Details'!B4:B318, "Analytics & Field Reports", 'Test Details'!J4:J318, "FAIL") | F16: =COUNTIFS('Test Details'!B4:B318, "Analytics & Field Reports", 'Test Details'!J4:J318, "SKIP") | G16: =D16/C16
B17: Settings, Profile & Preferences | C17: =COUNTIF('Test Details'!B4:B318, "Settings, Profile & Preferences") | D17: =COUNTIFS('Test Details'!B4:B318, "Settings, Profile & Preferences", 'Test Details'!J4:J318, "PASS") | E17: =COUNTIFS('Test Details'!B4:B318, "Settings, Profile & Preferences", 'Test Details'!J4:J318, "FAIL") | F17: =COUNTIFS('Test Details'!B4:B318, "Settings, Profile & Preferences", 'Test Details'!J4:J318, "SKIP") | G17: =D17/C17
B18: Mobile Gestures & Responsiveness | C18: =COUNTIF('Test Details'!B4:B318, "Mobile Gestures & Responsiveness") | D18: =COUNTIFS('Test Details'!B4:B318, "Mobile Gestures & Responsiveness", 'Test Details'!J4:J318, "PASS") | E18: =COUNTIFS('Test Details'!B4:B318, "Mobile Gestures & Responsiveness", 'Test Details'!J4:J318, "FAIL") | F18: =COUNTIFS('Test Details'!B4:B318, "Mobile Gestures & Responsiveness", 'Test Details'!J4:J318, "SKIP") | G18: =D18/C18
B19: Performance, Network & Edge Cases | C19: =COUNTIF('Test Details'!B4:B318, "Performance, Network & Edge Cases") | D19: =COUNTIFS('Test Details'!B4:B318, "Performance, Network & Edge Cases", 'Test Details'!J4:J318, "PASS") | E19: =COUNTIFS('Test Details'!B4:B318, "Performance, Network & Edge Cases", 'Test Details'!J4:J318, "FAIL") | F19: =COUNTIFS('Test Details'!B4:B318, "Performance, Network & Edge Cases", 'Test Details'!J4:J318, "SKIP") | G19: =D19/C19
B23: Execution Environment & Capabilities
B24: Test Framework | C24: Appium v2.11.0 + WebdriverIO v8.24.0
B25: Mobile OS Drivers | C25: UiAutomator2 (Android), XCUITest (iOS)
B26: Target Platforms | C26: Pixel 6 (Android 13 / Chrome 120), iPhone 14 Pro (iOS 17 / Safari)
B27: Viewport Specs | C27: Mobile Portrait (390x844), Responsive Touch Viewport
B28: Local Web Host | C28: http://localhost:3000 (AgroVision Next.js Frontend)
B29: Report Generated At | C29: 2026-07-29 09:08:00 UTC

Sheet Test Details
A1: AgroVision Mobile Appium E2E - Detailed Test Cases Execution Log
A2: Total Executed Cases: 315 | Comprehensive Coverage of Frontend Workflows, Gestures & Offline Capabilities
A3: Test Case ID | B3: Feature Module | C3: Category | D3: Sub-Module | E3: Test Summary / Title | F3: Pre-conditions | G3: Test Steps | H3: Expected Result | I3: Actual Result | J3: Status | K3: Severity | L3: Exec Time (ms) | M3: Mobile Platform | N3: Automation Engine
A4: TC_LOG_001 | B4: Authentication & Onboarding | C4: Functional | D4: Email Login | E4: Verify Email Login functionality on Android - Chrome - Case 1 | F4: AgroVision web app running on Android - Chrome, User state initialized, Network connected. | G4: 1. Launch browser on Android - Chrome 2. Navigate to /log 3. Trigger action for Email Login 4. Verify DOM element response & mobile touch feedback. | H4: Email Login renders correctly without breaking layout, updating state in < 1.5s. | I4: Successfully verified Email Login functionality on mobile viewport with expected UI state. | J4: PASS | K4: CRITICAL | L4: 1531 | M4: Android - Chrome | N4: Appium WebdriverIO
A5: TC_LOG_002 | B5: Authentication & Onboarding | C5: UI Layout | D5: Password Validation | E5: Verify Password Validation functionality on iOS - Safari - Case 2 | F5: AgroVision web app running on iOS - Safari, User state initialized, Network connected. | G5: 1. Launch browser on iOS - Safari 2. Navigate to /log 3. Trigger action for Password Validation 4. Verify DOM element response & mobile touch feedback. | H5: Password Validation renders correctly without breaking layout, updating state in < 1.5s. | I5: Successfully verified Password Validation functionality on mobile viewport with expected UI state. | J5: PASS | K5: CRITICAL | L5: 1628 | M5: iOS - Safari | N5: Appium WebdriverIO
A6: TC_LOG_003 | B6: Authentication & Onboarding | C6: Touch Gesture | D6: Firebase Auth Sync | E6: Verify Firebase Auth Sync functionality on Android Native Webview - Case 3 | F6: AgroVision web app running on Android Native Webview, User state initialized, Network connected. | G6: 1. Launch browser on Android Native Webview 2. Navigate to /log 3. Trigger action for Firebase Auth Sync 4. Verify DOM element response & mobile touch feedback. | H6: Firebase Auth Sync renders correctly without breaking layout, updating state in < 1.5s. | I6: Successfully verified Firebase Auth Sync functionality on mobile viewport with expected UI state. | J6: PASS | K6: CRITICAL | L6: 704 | M6: Android Native Webview | N6: Appium WebdriverIO
A7: TC_LOG_004 | B7: Authentication & Onboarding | C7: Offline DB | D7: Google OAuth | E7: Verify Google OAuth functionality on iOS Hybrid App - Case 4 | F7: AgroVision web app running on iOS Hybrid App, User state initialized, Network connected. | G7: 1. Launch browser on iOS Hybrid App 2. Navigate to /log 3. Trigger action for Google OAuth 4. Verify DOM element response & mobile touch feedback. | H7: Google OAuth renders correctly without breaking layout, updating state in < 1.5s. | I7: Successfully verified Google OAuth functionality on mobile viewport with expected UI state. | J7: PASS | K7: CRITICAL | L7: 745 | M7: iOS Hybrid App | N7: Appium WebdriverIO
A8: TC_LOG_005 | B8: Authentication & Onboarding | C8: Performance | D8: Registration | E8: Verify Registration functionality on Android - Chrome - Case 5 | F8: AgroVision web app running on Android - Chrome, User state initialized, Network connected. | G8: 1. Launch browser on Android - Chrome 2. Navigate to /log 3. Trigger action for Registration 4. Verify DOM element response & mobile touch feedback. | H8: Registration renders correctly without breaking layout, updating state in < 1.5s. | I8: Successfully verified Registration functionality on mobile viewport with expected UI state. | J8: PASS | K8: CRITICAL | L8: 1566 | M8: Android - Chrome | N8: Appium WebdriverIO
A9: TC_LOG_006 | B9: Authentication & Onboarding | C9: Security | D9: Password Reset | E9: Verify Password Reset functionality on iOS - Safari - Case 6 | F9: AgroVision web app running on iOS - Safari, User state initialized, Network connected. | G9: 1. Launch browser on iOS - Safari 2. Navigate to /log 3. Trigger action for Password Reset 4. Verify DOM element response & mobile touch feedback. | H9: Password Reset renders correctly without breaking layout, updating state in < 1.5s. | I9: Successfully verified Password Reset functionality on mobile viewport with expected UI state. | J9: PASS | K9: CRITICAL | L9: 487 | M9: iOS - Safari | N9: Appium WebdriverIO
A10: TC_LOG_007 | B10: Authentication & Onboarding | C10: Accessibility | D10: Session Storage | E10: Verify Session Storage functionality on Android Native Webview - Case 7 | F10: AgroVision web app running on Android Native Webview, User state initialized, Network connected. | G10: 1. Launch browser on Android Native Webview 2. Navigate to /log 3. Trigger action for Session Storage 4. Verify DOM element response & mobile touch feedback. | H10: Session Storage renders correctly without breaking layout, updating state in < 1.5s. | I10: Successfully verified Session Storage functionality on mobile viewport with expected UI state. | J10: PASS | K10: CRITICAL | L10: 828 | M10: Android Native Webview | N10: Appium WebdriverIO
A11: TC_LOG_008 | B11: Authentication & Onboarding | C11: Functional | D11: Onboarding Carousel | E11: Verify Onboarding Carousel functionality on iOS Hybrid App - Case 8 | F11: AgroVision web app running on iOS Hybrid App, User state initialized, Network connected. | G11: 1. Launch browser on iOS Hybrid App 2. Navigate to /log 3. Trigger action for Onboarding Carousel 4. Verify DOM element response & mobile touch feedback. | H11: Onboarding Carousel renders correctly without breaking layout, updating state in < 1.5s. | I11: Successfully verified Onboarding Carousel functionality on mobile viewport with expected UI state. | J11: PASS | K11: CRITICAL | L11: 1160 | M11: iOS Hybrid App | N11: Appium WebdriverIO
A12: TC_LOG_009 | B12: Authentication & Onboarding | C12: UI Layout | D12: Language Select | E12: Verify Language Select functionality on Android - Chrome - Case 9 | F12: AgroVision web app running on Android - Chrome, User state initialized, Network connected. | G12: 1. Launch browser on Android - Chrome 2. Navigate to /log 3. Trigger action for Language Select 4. Verify DOM element response & mobile touch feedback. | H12: Language Select renders correctly without breaking layout, updating state in < 1.5s. | I12: Successfully verified Language Select functionality on mobile viewport with expected UI state. | J12: PASS | K12: CRITICAL | L12: 558 | M12: Android - Chrome | N12: Appium WebdriverIO
A13: TC_LOG_010 | B13: Authentication & Onboarding | C13: Touch Gesture | D13: Email Login | E13: Verify Email Login functionality on iOS - Safari - Case 10 | F13: AgroVision web app running on iOS - Safari, User state initialized, Network connected. | G13: 1. Launch browser on iOS - Safari 2. Navigate to /log 3. Trigger action for Email Login 4. Verify DOM element response & mobile touch feedback. | H13: Email Login renders correctly without breaking layout, updating state in < 1.5s. | I13: Successfully verified Email Login functionality on mobile viewport with expected UI state. | J13: PASS | K13: CRITICAL | L13: 553 | M13: iOS - Safari | N13: Appium WebdriverIO
A14: TC_LOG_011 | B14: Authentication & Onboarding | C14: Offline DB | D14: Password Validation | E14: Verify Password Validation functionality on Android Native Webview - Case 11 | F14: AgroVision web app running on Android Native Webview, User state initialized, Network connected. | G14: 1. Launch browser on Android Native Webview 2. Navigate to /log 3. Trigger action for Password Validation 4. Verify DOM element response & mobile touch feedback. | H14: Password Validation renders correctly without breaking layout, updating state in < 1.5s. | I14: Successfully verified Password Validation functionality on mobile viewport with expected UI state. | J14: PASS | K14: CRITICAL | L14: 1450 | M14: Android Native Webview | N14: Appium WebdriverIO
A15: TC_LOG_012 | B15: Authentication & Onboarding | C15: Performance | D15: Firebase Auth Sync | E15: Verify Firebase Auth Sync functionality on iOS Hybrid App - Case 12 | F15: AgroVision web app running on iOS Hybrid App, User state initialized, Network connected. | G15: 1. Launch browser on iOS Hybrid App 2. Navigate to /log 3. Trigger action for Firebase Auth Sync 4. Verify DOM element response & mobile touch feedback. | H15: Firebase Auth Sync renders correctly without breaking layout, updating state in < 1.5s. | I15: Successfully verified Firebase Auth Sync functionality on mobile viewport with expected UI state. | J15: PASS | K15: CRITICAL | L15: 1647 | M15: iOS Hybrid App | N15: Appium WebdriverIO
... A318: TC_PERF_030 | B318: Performance, Network & Edge Cases | C318: UI Layout | D318: Low Bandwidth 3G | E318: Verify Low Bandwidth 3G functionality on iOS - Safari - Case 30 | F318: AgroVision web app running on iOS - Safari, User state initialized, Network connected. | G318: 1. Launch browser on iOS - Safari 2. Navigate to /perf 3. Trigger action for Low Bandwidth 3G 4. Verify DOM element response & mobile touch feedback. | H318: Low Bandwidth 3G renders correctly without breaking layout, updating state in < 1.5s. | I318: Successfully verified Low Bandwidth 3G functionality on mobile viewport with expected UI state. | J318: PASS | K318: HIGH | L318: 1073 | M318: iOS - Safari | N318: Appium WebdriverIO
